{
  "kp": 0.8432259640216437,
  "ki": 0.07861655506189413,
  "kd": 0.5284708646419672,
  "k_roll": 0.7760223199188376,
  "k_ff_immediate": 0.048666081645434456,
  "k_ff_lookahead": 0.5043431321315623,
  "lookahead_start_idx": 3.0,
  "lookahead_end_idx": 9.0,
  "lookahead_decay": 0.7513386049130815,
  "error_filter_alpha": 0.23658941399867425,
  "action_smoothing": 0.6290516656420849,
  "velocity_scaling": -0.007754571073425032,
  "velocity_kp_scale": 0.28344057902634656,
  "velocity_ki_scale": 0.07852676212544796,
  "velocity_kd_scale": -0.4285429934968652,
  "velocity_ff_scale": 0.16274943478956283,
  "future_velocity_weight": 0.24067082562765718,
  "velocity_lookahead_scale": 0.013155893422569231,
  "_meta": {
    "description": "Multi-step lookahead optimized with CMA-ES",
    "timestamp": "2025-12-09 01:50:08",
    "parameters": 18,
    "lookahead_steps": 5,
    "generation": 72,
    "cost": 41.93058141117166,
    "population_size": 40,
    "status": "in_progress",
    "hyperparameters": {
      "population_size": 40,
      "max_generations": 100,
      "initial_sigma": 0.2,
      "num_segments_per_eval": 50,
      "num_workers": 4,
      "use_normalization": true,
      "use_adaptive_segments": true,
      "target_cost": 30.0,
      "stagnation_generations": 20,
      "controller_name": "custom_velocity",
      "data_dir": "./data",
      "model_path": "./models/tinyphysics.onnx"
    }
  }
}