{
  "kp": 0.638131652777618,
  "ki": 0.10421617386756389,
  "kd": 0.39895019603494614,
  "k_roll": 0.8141649284161545,
  "k_ff_immediate": 0.5526049507926445,
  "k_ff_lookahead": 0.264878091269007,
  "lookahead_start_idx": 3.0,
  "lookahead_end_idx": 4.0,
  "lookahead_decay": 0.5883507730964239,
  "error_filter_alpha": 0.35809989715975105,
  "action_smoothing": 0.5818498216649396,
  "velocity_scaling": -0.19889282609492268,
  "velocity_kp_scale": 0.14830601160273926,
  "velocity_ki_scale": -0.22110542244665976,
  "velocity_kd_scale": 0.2814669589368266,
  "velocity_ff_scale": -0.36953275474158165,
  "future_velocity_weight": -0.0290616788106558,
  "velocity_lookahead_scale": -0.05517202317952491,
  "_meta": {
    "description": "Multi-step lookahead optimized with CMA-ES",
    "timestamp": "2025-12-08 13:10:29",
    "parameters": 18,
    "lookahead_steps": 5,
    "generation": 10,
    "cost": 57.028133785575,
    "population_size": 40,
    "status": "in_progress",
    "hyperparameters": {
      "population_size": 40,
      "max_generations": 100,
      "initial_sigma": 0.2,
      "num_segments_per_eval": 50,
      "num_workers": 4,
      "use_normalization": true,
      "use_adaptive_segments": true,
      "target_cost": 30.0,
      "stagnation_generations": 20,
      "controller_name": "custom_velocity",
      "data_dir": "./data",
      "model_path": "./models/tinyphysics.onnx"
    }
  }
}