{
  "kp": 0.809230215100161,
  "ki": 0.11101840042673616,
  "kd": 0.27040764671805795,
  "k_roll": 1.0125058883384985,
  "k_ff_immediate": 0.21455013989495997,
  "k_ff_lookahead": 0.515416118866735,
  "lookahead_start_idx": 4.0,
  "lookahead_end_idx": 5.0,
  "lookahead_decay": 0.6674845880825913,
  "error_filter_alpha": 0.16124804596691295,
  "action_smoothing": 0.5173626840991592,
  "velocity_scaling": -0.03248386480815155,
  "velocity_kp_scale": 0.1579639832870945,
  "velocity_ki_scale": 0.4120361388732625,
  "velocity_kd_scale": 0.2021305297529139,
  "velocity_ff_scale": -0.09438658424020896,
  "future_velocity_weight": 0.030857989614239467,
  "velocity_lookahead_scale": 0.14623247840065456,
  "_meta": {
    "description": "Multi-step lookahead optimized with CMA-ES",
    "timestamp": "2025-12-08 13:47:30",
    "parameters": 18,
    "lookahead_steps": 5,
    "generation": 16,
    "cost": 53.41853444867333,
    "population_size": 40,
    "status": "in_progress",
    "hyperparameters": {
      "population_size": 40,
      "max_generations": 100,
      "initial_sigma": 0.2,
      "num_segments_per_eval": 50,
      "num_workers": 4,
      "use_normalization": true,
      "use_adaptive_segments": true,
      "target_cost": 30.0,
      "stagnation_generations": 20,
      "controller_name": "custom_velocity",
      "data_dir": "./data",
      "model_path": "./models/tinyphysics.onnx"
    }
  }
}