{
  "kp": 0.23426137836940045,
  "ki": 0.19598487202637693,
  "kd": 0.2097172495465745,
  "k_roll": 0.5200682605910911,
  "k_ff_immediate": 0.0,
  "k_ff_lookahead": 0.41579723538082336,
  "lookahead_start_idx": 4.0,
  "lookahead_end_idx": 5.0,
  "lookahead_decay": 0.5537615621873839,
  "error_filter_alpha": 0.2717664344090605,
  "action_smoothing": 0.472952512204829,
  "velocity_scaling": 0.13437118983604152,
  "velocity_kp_scale": -0.17711563982666267,
  "velocity_ki_scale": 0.11513490369779267,
  "velocity_kd_scale": 0.602155978847245,
  "velocity_ff_scale": 0.22416154455422377,
  "future_velocity_weight": 0.01822724554365418,
  "velocity_lookahead_scale": -0.15739993854000445,
  "_meta": {
    "description": "Multi-step lookahead optimized with CMA-ES",
    "timestamp": "2025-12-08 12:36:50",
    "parameters": 18,
    "lookahead_steps": 5,
    "generation": 4,
    "cost": 64.34697286525375,
    "population_size": 40,
    "status": "in_progress",
    "hyperparameters": {
      "population_size": 40,
      "max_generations": 100,
      "initial_sigma": 0.2,
      "num_segments_per_eval": 50,
      "num_workers": 4,
      "use_normalization": true,
      "use_adaptive_segments": true,
      "target_cost": 30.0,
      "stagnation_generations": 20,
      "controller_name": "custom_velocity",
      "data_dir": "./data",
      "model_path": "./models/tinyphysics.onnx"
    }
  }
}