{
  "kp": 0.7979339127170189,
  "ki": 0.09267531902838687,
  "kd": 0.5434965348857801,
  "k_roll": 0.6656326710826649,
  "k_ff_immediate": 0.0,
  "k_ff_lookahead": 0.38585265567396154,
  "lookahead_start_idx": 1.0,
  "lookahead_end_idx": 9.0,
  "lookahead_decay": 0.7707503894804344,
  "error_filter_alpha": 0.2524697641250715,
  "action_smoothing": 0.5970052574802538,
  "velocity_scaling": -0.00024210013489403548,
  "velocity_kp_scale": -0.059883629464597576,
  "velocity_ki_scale": 0.24186047866068439,
  "velocity_kd_scale": -0.1410118007583011,
  "velocity_ff_scale": 0.14223152341978507,
  "future_velocity_weight": 0.3437190556240115,
  "velocity_lookahead_scale": 0.05668815725641291,
  "_meta": {
    "description": "Multi-step lookahead optimized with CMA-ES",
    "timestamp": "2025-12-08 21:35:59",
    "parameters": 18,
    "lookahead_steps": 5,
    "generation": 54,
    "cost": 42.715207454805316,
    "population_size": 40,
    "status": "in_progress",
    "hyperparameters": {
      "population_size": 40,
      "max_generations": 100,
      "initial_sigma": 0.2,
      "num_segments_per_eval": 50,
      "num_workers": 4,
      "use_normalization": true,
      "use_adaptive_segments": true,
      "target_cost": 30.0,
      "stagnation_generations": 20,
      "controller_name": "custom_velocity",
      "data_dir": "./data",
      "model_path": "./models/tinyphysics.onnx"
    }
  }
}