{
  "kp": 0.7909787899815915,
  "ki": 0.05951335590343363,
  "kd": 0.5637384317258904,
  "k_roll": 0.7773660885803511,
  "k_ff_immediate": 0.0,
  "k_ff_lookahead": 0.5058785804523345,
  "lookahead_start_idx": 4.0,
  "lookahead_end_idx": 12.0,
  "lookahead_decay": 0.7544895315346908,
  "error_filter_alpha": 0.35610046168109455,
  "action_smoothing": 0.7758391767811131,
  "velocity_scaling": 0.007196518736911711,
  "velocity_kp_scale": 0.5196674200374636,
  "velocity_ki_scale": -0.3304478908295747,
  "velocity_kd_scale": -0.47869641599889867,
  "velocity_ff_scale": 0.2568995312605453,
  "future_velocity_weight": 0.07384496825891473,
  "velocity_lookahead_scale": 0.05532158015064231,
  "_meta": {
    "description": "Multi-step lookahead optimized with CMA-ES",
    "timestamp": "2025-12-08 14:26:13",
    "parameters": 18,
    "lookahead_steps": 5,
    "generation": 20,
    "cost": 53.3497532511104,
    "population_size": 40,
    "status": "in_progress",
    "hyperparameters": {
      "population_size": 40,
      "max_generations": 100,
      "initial_sigma": 0.2,
      "num_segments_per_eval": 50,
      "num_workers": 4,
      "use_normalization": true,
      "use_adaptive_segments": true,
      "target_cost": 30.0,
      "stagnation_generations": 20,
      "controller_name": "custom_velocity",
      "data_dir": "./data",
      "model_path": "./models/tinyphysics.onnx"
    }
  }
}