{
  "kp": 0.9020469683662562,
  "ki": 0.1209819509735898,
  "kd": 0.583993304843879,
  "k_roll": 0.678791270210582,
  "k_ff_immediate": 0.012473759802727736,
  "k_ff_lookahead": 0.4278181531032696,
  "lookahead_start_idx": 2.0,
  "lookahead_end_idx": 9.0,
  "lookahead_decay": 0.6739391113645803,
  "error_filter_alpha": 0.16965645673199933,
  "action_smoothing": 0.6098202857854379,
  "velocity_scaling": -0.12683488976105295,
  "velocity_kp_scale": 0.2815890490018915,
  "velocity_ki_scale": -0.37836046056196926,
  "velocity_kd_scale": -0.15411406448488107,
  "velocity_ff_scale": -0.09148830903647331,
  "future_velocity_weight": 0.033713443153739475,
  "velocity_lookahead_scale": -0.012459877396594765,
  "_meta": {
    "description": "Multi-step lookahead optimized with CMA-ES",
    "timestamp": "2025-12-08 16:57:36",
    "parameters": 18,
    "lookahead_steps": 5,
    "generation": 34,
    "cost": 46.59510567601911,
    "population_size": 40,
    "status": "in_progress",
    "hyperparameters": {
      "population_size": 40,
      "max_generations": 100,
      "initial_sigma": 0.2,
      "num_segments_per_eval": 50,
      "num_workers": 4,
      "use_normalization": true,
      "use_adaptive_segments": true,
      "target_cost": 30.0,
      "stagnation_generations": 20,
      "controller_name": "custom_velocity",
      "data_dir": "./data",
      "model_path": "./models/tinyphysics.onnx"
    }
  }
}