{
  "kp": 0.21347122064194296,
  "ki": 0.05553752554839172,
  "kd": 0.3067477075611559,
  "k_roll": 0.7786959132398326,
  "k_ff_immediate": 0.0,
  "k_ff_lookahead": 0.6712088973746343,
  "lookahead_start_idx": 2.0,
  "lookahead_end_idx": 12.0,
  "lookahead_decay": 0.8238929517459719,
  "error_filter_alpha": 0.48686665133860374,
  "action_smoothing": 0.16121753930743504,
  "velocity_scaling": 0.08284739807906283,
  "velocity_kp_scale": 0.5645835074980217,
  "velocity_ki_scale": 0.2631540840214699,
  "velocity_kd_scale": -0.0042924247596727305,
  "velocity_ff_scale": 0.7625143045887692,
  "future_velocity_weight": -0.12163565661062187,
  "velocity_lookahead_scale": 0.020056950425436648,
  "_meta": {
    "description": "Multi-step lookahead optimized with CMA-ES",
    "timestamp": "2025-12-08 12:25:05",
    "parameters": 18,
    "lookahead_steps": 5,
    "generation": 2,
    "cost": 65.20511643525579,
    "population_size": 40,
    "status": "in_progress",
    "hyperparameters": {
      "population_size": 40,
      "max_generations": 100,
      "initial_sigma": 0.2,
      "num_segments_per_eval": 50,
      "num_workers": 4,
      "use_normalization": true,
      "use_adaptive_segments": true,
      "target_cost": 30.0,
      "stagnation_generations": 20,
      "controller_name": "custom_velocity",
      "data_dir": "./data",
      "model_path": "./models/tinyphysics.onnx"
    }
  }
}