{
  "kp": 0.7975369455755488,
  "ki": 0.08801975294558545,
  "kd": 0.5836636557082405,
  "k_roll": 0.8204932842966924,
  "k_ff_immediate": 0.2645519307773479,
  "k_ff_lookahead": 0.5204192163532664,
  "lookahead_start_idx": 5.0,
  "lookahead_end_idx": 6.0,
  "lookahead_decay": 0.5506855025799395,
  "error_filter_alpha": 0.35585291312092543,
  "action_smoothing": 0.7437814858590208,
  "velocity_scaling": 0.03721723635546961,
  "velocity_kp_scale": 0.15284135399098608,
  "velocity_ki_scale": 0.6682357247268345,
  "velocity_kd_scale": -0.7352768820394505,
  "velocity_ff_scale": -0.749962902668872,
  "future_velocity_weight": -0.1978495291931705,
  "velocity_lookahead_scale": -0.2544181686046379,
  "_meta": {
    "description": "Multi-step lookahead optimized with CMA-ES",
    "timestamp": "2025-12-07 21:15:47",
    "parameters": 18,
    "lookahead_steps": 5,
    "generation": 25,
    "cost": 41.74715765223622,
    "population_size": 50,
    "status": "in_progress",
    "hyperparameters": {
      "population_size": 50,
      "max_generations": 100,
      "initial_sigma": 0.2,
      "num_segments_per_eval": 25,
      "num_workers": 4,
      "use_normalization": true,
      "use_adaptive_segments": true,
      "target_cost": 30.0,
      "stagnation_generations": 20,
      "controller_name": "custom_multi_step",
      "data_dir": "./data",
      "model_path": "./models/tinyphysics.onnx"
    }
  }
}