{
  "kp": 0.860326266328368,
  "ki": 0.0912691871648162,
  "kd": 0.782869154621991,
  "k_roll": 0.6210075510838735,
  "k_ff_immediate": 0.0,
  "k_ff_lookahead": 0.5375291287461401,
  "lookahead_start_idx": 3.0,
  "lookahead_end_idx": 19.0,
  "lookahead_decay": 0.7700478234988863,
  "error_filter_alpha": 0.24104853563986145,
  "action_smoothing": 0.6736178778936986,
  "velocity_scaling": 0.0069078065405003,
  "velocity_kp_scale": 0.08644385855109227,
  "velocity_ki_scale": 0.18118473149996106,
  "velocity_kd_scale": -0.5067493429535448,
  "velocity_ff_scale": 0.2445151865435815,
  "future_velocity_weight": -0.15013566158147784,
  "velocity_lookahead_scale": -0.1282944942024564,
  "_meta": {
    "description": "Multi-step lookahead optimized with CMA-ES",
    "timestamp": "2025-12-08 03:49:02",
    "parameters": 18,
    "lookahead_steps": 5,
    "generation": 50,
    "cost": 46.858525407196545,
    "population_size": 40,
    "status": "completed",
    "hyperparameters": {
      "population_size": 40,
      "max_generations": 50,
      "initial_sigma": 0.2,
      "num_segments_per_eval": 50,
      "num_workers": 4,
      "use_normalization": true,
      "use_adaptive_segments": true,
      "target_cost": 35.0,
      "stagnation_generations": 20,
      "controller_name": "custom_velocity",
      "data_dir": "./data",
      "model_path": "./models/tinyphysics.onnx"
    }
  }
}