{
  "kp": 0.9774655633085608,
  "ki": 0.09437220572369212,
  "kd": 1.0356017207502253,
  "k_roll": 0.33368024673821745,
  "k_ff_immediate": 0.0,
  "k_ff_lookahead": 0.5962420373603632,
  "lookahead_start_idx": 4.0,
  "lookahead_end_idx": 20.0,
  "lookahead_decay": 0.7990200147603187,
  "error_filter_alpha": 0.3254947625029639,
  "action_smoothing": 0.7538938292073255,
  "velocity_scaling": 0.0025735503036369844,
  "velocity_kp_scale": 0.14733041381207834,
  "velocity_ki_scale": 0.10625795900017199,
  "velocity_kd_scale": -0.5987302710659325,
  "velocity_ff_scale": 0.22343164398683446,
  "future_velocity_weight": -0.28312635623932275,
  "velocity_lookahead_scale": -0.04739233588408609,
  "_meta": {
    "description": "Multi-step lookahead optimized with CMA-ES",
    "timestamp": "2025-12-08 02:27:29",
    "parameters": 18,
    "lookahead_steps": 5,
    "generation": 36,
    "cost": 48.95029967816533,
    "population_size": 40,
    "status": "in_progress",
    "hyperparameters": {
      "population_size": 40,
      "max_generations": 50,
      "initial_sigma": 0.2,
      "num_segments_per_eval": 50,
      "num_workers": 4,
      "use_normalization": true,
      "use_adaptive_segments": true,
      "target_cost": 35.0,
      "stagnation_generations": 20,
      "controller_name": "custom_velocity",
      "data_dir": "./data",
      "model_path": "./models/tinyphysics.onnx"
    }
  }
}