{
  "kp": 0.29190921916800594,
  "ki": 0.09971307324878842,
  "kd": 0.20623668814629792,
  "k_roll": 0.630017254678962,
  "k_ff_immediate": 0.029337638182938244,
  "k_ff_lookahead": 0.3646622922483355,
  "lookahead_idx": 4.114906878133891,
  "error_filter_alpha": 0.5195044379178676,
  "action_smoothing": 0.4695547565853947,
  "velocity_scaling": 0.014891709037229084,
  "_meta": {
    "description": "Optimized with CMA-ES",
    "timestamp": "2025-12-08 01:07:50",
    "parameters": 10,
    "generation": 20,
    "cost": 41.70738009856368,
    "population_size": 40,
    "status": "completed",
    "hyperparameters": {
      "population_size": 40,
      "max_generations": 50,
      "initial_sigma": 0.2,
      "num_segments_per_eval": 50,
      "num_workers": 6,
      "use_normalization": true,
      "use_adaptive_segments": true,
      "target_cost": 45.0,
      "stagnation_generations": 20,
      "controller_name": "custom_single_step",
      "data_dir": "./data",
      "model_path": "./models/tinyphysics.onnx"
    }
  }
}